,country,year,value
0,Argentina,1980,37.5
1,Australia,1980,34.578845684345
2,Austria,1980,31.69673093536197
3,Bangladesh,1980,44.25
4,Belgium,1980,32.012307692307694
5,Brazil,1980,33.6153846153846
6,Canada,1980,34.8499990609976
7,Chile,1980,37.12820512820517
8,Colombia,1980,37.48076923076923
9,Costa Rica,1980,35.87820512820514
10,Czech Rep.,1980,39.07682088216147
11,Denmark,1980,31.8980759840745
12,Ecuador,1980,36.134615384615365
13,El Salvador,1980,36.083333333333336
14,Fiji,1980,37.5384615384615
15,Finland,1980,35.5634624774639
16,France,1980,35.4230769230769
17,Germany,1980,28.647511201746312
18,Greece,1980,39.96989966555184
19,Honduras,1980,35.108974358974365
20,"Hong Kong, China",1980,43.9807692307692
21,Hungary,1980,38.72309232271635
22,Iceland,1980,35.8461538461538
23,Ireland,1980,35.356923076923074
24,Italy,1980,35.746347280649
25,Japan,1980,40.7884615384615
26,"Korea, Rep.",1980,55.3076923076923
27,Luxembourg,1980,32.580000000000005
28,Malaysia,1980,43.1538461538462
29,Mexico,1980,35.94473560039813
30,Nepal,1980,37.5961538461538
31,Netherlands,1980,27.271062271062274
32,New Zealand,1980,35.01643360911549
33,Nicaragua,1980,36.26923076923077
34,Norway,1980,30.3788452148438
35,Pakistan,1980,33.1346153846154
36,Panama,1980,33.30128205128203
37,Paraguay,1980,37.6826923076923
38,Peru,1980,38.84615384615387
39,Poland,1980,38.13221153846154
40,Portugal,1980,35.347902097902086
41,Slovak Republic,1980,34.378550512550845
42,Spain,1980,36.7769235464243
43,Sri Lanka,1980,44.0
44,Sweden,1980,29.1692317082332
45,Switzerland,1980,34.703845684345
46,Thailand,1980,42.8461538461538
47,Turkey,1980,36.8846153846154
48,United Kingdom,1980,34.0865384615385
49,United States,1980,34.8076923076923
50,Uruguay,1980,33.673076923076934
51,Venezuela,1980,32.846153846153854
52,Argentina,1981,37.5
53,Australia,1981,34.578845684345
54,Austria,1981,31.69673093536197
55,Bangladesh,1981,44.25
56,Belgium,1981,32.012307692307694
57,Brazil,1981,33.6153846153846
58,Canada,1981,34.5807682917668
59,Chile,1981,37.12820512820517
60,Colombia,1981,37.48076923076923
61,Costa Rica,1981,35.87820512820514
62,Czech Rep.,1981,39.07682088216147
63,Denmark,1981,31.375
64,Ecuador,1981,36.134615384615365
65,El Salvador,1981,36.083333333333336
66,Fiji,1981,37.5384615384615
67,Finland,1981,35.6692317082332
68,France,1981,34.7692307692308
69,Germany,1981,28.647511201746312
70,Greece,1981,39.96989966555184
71,Honduras,1981,35.108974358974365
72,"Hong Kong, China",1981,43.9807692307692
73,Hungary,1981,38.72309232271635
74,Iceland,1981,35.7115384615385
75,Ireland,1981,35.356923076923074
76,Italy,1981,35.8673072228065
77,Japan,1981,40.5
78,"Korea, Rep.",1981,55.6153846153846
79,Luxembourg,1981,32.580000000000005
80,Malaysia,1981,43.1538461538462
81,Mexico,1981,35.94473560039813
82,Nepal,1981,37.5961538461538
83,Netherlands,1981,27.271062271062274
84,New Zealand,1981,35.01643360911549
85,Nicaragua,1981,36.26923076923077
86,Norway,1981,30.1961529071514
87,Pakistan,1981,33.1346153846154
88,Panama,1981,33.30128205128203
89,Paraguay,1981,37.6826923076923
90,Peru,1981,38.84615384615387
91,Poland,1981,38.13221153846154
92,Portugal,1981,35.347902097902086
93,Slovak Republic,1981,34.378550512550845
94,Spain,1981,36.1211547851562
95,Sri Lanka,1981,44.0
96,Sweden,1981,29.0076927771935
97,Switzerland,1981,34.3346158541166
98,Thailand,1981,42.8461538461538
99,Turkey,1981,36.8846153846154
100,United Kingdom,1981,32.9884620079627
101,United States,1981,34.6346153846154
102,Uruguay,1981,33.673076923076934
103,Venezuela,1981,32.846153846153854
104,Argentina,1982,37.5
105,Australia,1982,34.3769226074219
106,Austria,1982,31.69673093536197
107,Bangladesh,1982,44.25
108,Belgium,1982,32.012307692307694
109,Brazil,1982,33.6153846153846
110,Canada,1982,34.1807697002704
111,Chile,1982,37.12820512820517
112,Colombia,1982,37.48076923076923
113,Costa Rica,1982,35.87820512820514
114,Czech Rep.,1982,39.07682088216147
115,Denmark,1982,31.5711529071514
116,Ecuador,1982,36.134615384615365
117,El Salvador,1982,36.083333333333336
118,Fiji,1982,37.5384615384615
119,Finland,1982,35.390385554387
120,France,1982,33.9423076923077
121,Germany,1982,28.647511201746312
122,Greece,1982,39.96989966555184
123,Honduras,1982,35.108974358974365
124,"Hong Kong, China",1982,43.9807692307692
125,Hungary,1982,38.72309232271635
126,Iceland,1982,35.7692307692308
127,Ireland,1982,35.356923076923074
128,Italy,1982,36.086923452524
129,Japan,1982,40.4615384615385
130,"Korea, Rep.",1982,55.8653846153846
131,Luxembourg,1982,32.580000000000005
132,Malaysia,1982,43.1538461538462
133,Mexico,1982,35.94473560039813
134,Nepal,1982,37.5961538461538
135,Netherlands,1982,27.271062271062274
136,New Zealand,1982,35.01643360911549
137,Nicaragua,1982,36.26923076923077
138,Norway,1982,29.9788466233474
139,Pakistan,1982,33.1346153846154
140,Panama,1982,33.30128205128203
141,Paraguay,1982,37.6826923076923
142,Peru,1982,38.84615384615387
143,Poland,1982,38.13221153846154
144,Portugal,1982,35.347902097902086
145,Slovak Republic,1982,34.378550512550845
146,Spain,1982,35.7173086313101
147,Sri Lanka,1982,44.0
148,Sweden,1982,29.2788461538462
149,Switzerland,1982,34.1230773925781
150,Thailand,1982,42.8461538461538
151,Turkey,1982,36.8846153846154
152,United Kingdom,1982,33.2750009390024
153,United States,1982,34.5576923076923
154,Uruguay,1982,33.673076923076934
155,Venezuela,1982,32.846153846153854
156,Argentina,1983,37.5
157,Australia,1983,34.1173072228065
158,Austria,1983,31.69673093536197
159,Bangladesh,1983,44.25
160,Belgium,1983,34.0
161,Brazil,1983,33.6153846153846
162,Canada,1983,34.0
163,Chile,1983,37.12820512820517
164,Colombia,1983,37.48076923076923
165,Costa Rica,1983,35.87820512820514
166,Czech Rep.,1983,39.07682088216147
167,Denmark,1983,31.4961547851562
168,Ecuador,1983,36.134615384615365
169,El Salvador,1983,36.083333333333336
170,Fiji,1983,37.5384615384615
171,Finland,1983,35.0519221379207
172,France,1983,33.8076923076923
173,Germany,1983,28.647511201746312
174,Greece,1983,41.3846153846154
175,Honduras,1983,35.108974358974365
176,"Hong Kong, China",1983,43.9807692307692
177,Hungary,1983,40.6153846153846
178,Iceland,1983,35.7692307692308
179,Ireland,1983,38.0961538461538
180,Italy,1983,36.0728853665865
181,Japan,1983,40.2884615384615
182,"Korea, Rep.",1983,56.2115384615385
183,Luxembourg,1983,34.2115384615385
184,Malaysia,1983,43.1538461538462
185,Mexico,1983,35.94473560039813
186,Nepal,1983,37.5961538461538
187,Netherlands,1983,27.271062271062274
188,New Zealand,1983,35.01643360911549
189,Nicaragua,1983,36.26923076923077
190,Norway,1983,29.8692298302284
191,Pakistan,1983,33.1346153846154
192,Panama,1983,33.30128205128203
193,Paraguay,1983,37.6826923076923
194,Peru,1983,38.84615384615387
195,Poland,1983,38.13221153846154
196,Portugal,1983,35.347902097902086
197,Slovak Republic,1983,34.378550512550845
198,Spain,1983,35.1038466233474
199,Sri Lanka,1983,44.0
200,Sweden,1983,29.4576932466947
201,Switzerland,1983,33.8423086313101
202,Thailand,1983,42.8461538461538
203,Turkey,1983,36.8846153846154
204,United Kingdom,1983,33.0115379920373
205,United States,1983,34.9230769230769
206,Uruguay,1983,33.673076923076934
207,Venezuela,1983,32.846153846153854
208,Argentina,1984,37.5
209,Australia,1984,34.4153841458834
210,Austria,1984,31.69673093536197
211,Bangladesh,1984,44.25
212,Belgium,1984,34.4807692307692
213,Brazil,1984,33.6153846153846
214,Canada,1984,34.1076918381911
215,Chile,1984,37.12820512820517
216,Colombia,1984,37.48076923076923
217,Costa Rica,1984,35.87820512820514
218,Czech Rep.,1984,39.07682088216147
219,Denmark,1984,31.3980759840745
220,Ecuador,1984,36.134615384615365
221,El Salvador,1984,36.083333333333336
222,Fiji,1984,37.5384615384615
223,Finland,1984,34.8788452148438
224,France,1984,33.5769230769231
225,Germany,1984,28.647511201746312
226,Greece,1984,40.1153846153846
227,Honduras,1984,35.108974358974365
228,"Hong Kong, China",1984,43.9807692307692
229,Hungary,1984,39.2115384615385
230,Iceland,1984,35.7307692307692
231,Ireland,1984,37.7692307692308
232,Italy,1984,35.8732698880709
233,Japan,1984,40.5384615384615
234,"Korea, Rep.",1984,56.1346153846154
235,Luxembourg,1984,33.9230769230769
236,Malaysia,1984,43.1538461538462
237,Mexico,1984,35.94473560039813
238,Nepal,1984,37.5961538461538
239,Netherlands,1984,27.271062271062274
240,New Zealand,1984,35.01643360911549
241,Nicaragua,1984,36.26923076923077
242,Norway,1984,29.7730759840745
243,Pakistan,1984,33.1346153846154
244,Panama,1984,33.30128205128203
245,Paraguay,1984,37.6826923076923
246,Peru,1984,38.84615384615387
247,Poland,1984,38.13221153846154
248,Portugal,1984,35.347902097902086
249,Slovak Republic,1984,34.378550512550845
250,Spain,1984,34.2423072228065
251,Sri Lanka,1984,44.0
252,Sweden,1984,29.5
253,Switzerland,1984,33.4788466233474
254,Thailand,1984,42.8461538461538
255,Turkey,1984,36.8846153846154
256,United Kingdom,1984,33.3192302997296
257,United States,1984,35.2692307692308
258,Uruguay,1984,33.673076923076934
259,Venezuela,1984,32.846153846153854
260,Argentina,1985,37.5
261,Australia,1985,34.3384610689603
262,Austria,1985,31.69673093536197
263,Bangladesh,1985,44.25
264,Belgium,1985,34.5961538461538
265,Brazil,1985,33.6153846153846
266,Canada,1985,34.265385554387
267,Chile,1985,37.12820512820517
268,Colombia,1985,37.48076923076923
269,Costa Rica,1985,35.87820512820514
270,Czech Rep.,1985,39.07682088216147
271,Denmark,1985,31.1269226074219
272,Ecuador,1985,36.134615384615365
273,El Salvador,1985,36.083333333333336
274,Fiji,1985,37.5384615384615
275,Finland,1985,34.8730773925781
276,France,1985,33.2884615384615
277,Germany,1985,28.647511201746312
278,Greece,1985,40.6538461538462
279,Honduras,1985,35.108974358974365
280,"Hong Kong, China",1985,43.9807692307692
281,Hungary,1985,38.6923076923077
282,Iceland,1985,35.7115384615385
283,Ireland,1985,37.9038461538462
284,Italy,1985,35.8059621957632
285,Japan,1985,40.25
286,"Korea, Rep.",1985,55.6538461538462
287,Luxembourg,1985,34.0
288,Malaysia,1985,43.1538461538462
289,Mexico,1985,35.94473560039813
290,Nepal,1985,37.5961538461538
291,Netherlands,1985,27.271062271062274
292,New Zealand,1985,35.01643360911549
293,Nicaragua,1985,36.26923076923077
294,Norway,1985,29.6576913686899
295,Pakistan,1985,33.1346153846154
296,Panama,1985,33.30128205128203
297,Paraguay,1985,37.6826923076923
298,Peru,1985,38.84615384615387
299,Poland,1985,38.13221153846154
300,Portugal,1985,35.347902097902086
301,Slovak Republic,1985,34.378550512550845
302,Spain,1985,34.0519221379207
303,Sri Lanka,1985,44.0
304,Sweden,1985,29.578845684345
305,Switzerland,1985,33.359614445613
306,Thailand,1985,42.8461538461538
307,Turkey,1985,36.8846153846154
308,United Kingdom,1985,33.953845684345
309,United States,1985,35.2307692307692
310,Uruguay,1985,33.673076923076934
311,Venezuela,1985,32.846153846153854
312,Argentina,1986,37.5
313,Australia,1986,34.4826918381911
314,Austria,1986,31.69673093536197
315,Bangladesh,1986,44.25
316,Belgium,1986,34.2115384615385
317,Brazil,1986,33.6153846153846
318,Canada,1986,34.2326918381911
319,Chile,1986,37.12820512820517
320,Colombia,1986,37.48076923076923
321,Costa Rica,1986,35.87820512820514
322,Czech Rep.,1986,39.07682088216147
323,Denmark,1986,31.1903850848858
324,Ecuador,1986,36.134615384615365
325,El Salvador,1986,36.083333333333336
326,Fiji,1986,37.5384615384615
327,Finland,1986,34.4749990609976
328,France,1986,33.0769230769231
329,Germany,1986,28.647511201746312
330,Greece,1986,40.2307692307692
331,Honduras,1986,35.108974358974365
332,"Hong Kong, China",1986,43.9807692307692
333,Hungary,1986,38.5192307692308
334,Iceland,1986,35.5576923076923
335,Ireland,1986,38.5384615384615
336,Italy,1986,35.9684612567608
337,Japan,1986,40.3269230769231
338,"Korea, Rep.",1986,56.2115384615385
339,Luxembourg,1986,33.8269230769231
340,Malaysia,1986,43.1538461538462
341,Mexico,1986,35.94473560039813
342,Nepal,1986,37.5961538461538
343,Netherlands,1986,27.271062271062274
344,New Zealand,1986,35.2673081618089
345,Nicaragua,1986,36.26923076923077
346,Norway,1986,29.5807682917668
347,Pakistan,1986,33.1346153846154
348,Panama,1986,33.30128205128203
349,Paraguay,1986,37.6826923076923
350,Peru,1986,38.84615384615387
351,Poland,1986,38.13221153846154
352,Portugal,1986,37.3653846153846
353,Slovak Republic,1986,34.378550512550845
354,Spain,1986,33.9134615384615
355,Sri Lanka,1986,44.0
356,Sweden,1986,29.5403841458834
357,Switzerland,1986,33.1961529071514
358,Thailand,1986,42.8461538461538
359,Turkey,1986,36.8846153846154
360,United Kingdom,1986,34.0057701697716
361,United States,1986,35.0961538461538
362,Uruguay,1986,33.673076923076934
363,Venezuela,1986,32.846153846153854
364,Argentina,1987,37.5
365,Australia,1987,34.655768761268
366,Austria,1987,31.69673093536197
367,Bangladesh,1987,44.25
368,Belgium,1987,33.9038461538462
369,Brazil,1987,33.6153846153846
370,Canada,1987,34.4346149151142
371,Chile,1987,37.12820512820517
372,Colombia,1987,37.48076923076923
373,Costa Rica,1987,35.87820512820514
374,Czech Rep.,1987,39.07682088216147
375,Denmark,1987,30.5250009390024
376,Ecuador,1987,36.134615384615365
377,El Salvador,1987,36.083333333333336
378,Fiji,1987,37.5384615384615
379,Finland,1987,34.5826932466947
380,France,1987,33.0
381,Germany,1987,28.647511201746312
382,Greece,1987,39.5192307692308
383,Honduras,1987,35.108974358974365
384,"Hong Kong, China",1987,43.9807692307692
385,Hungary,1987,39.3653846153846
386,Iceland,1987,35.5192307692308
387,Ireland,1987,38.1538461538462
388,Italy,1987,36.3367309570312
389,Japan,1987,40.3076923076923
390,"Korea, Rep.",1987,55.6153846153846
391,Luxembourg,1987,33.7884615384615
392,Malaysia,1987,43.1538461538462
393,Mexico,1987,35.94473560039813
394,Nepal,1987,37.5961538461538
395,Netherlands,1987,29.6153846153846
396,New Zealand,1987,35.3557692307692
397,Nicaragua,1987,36.26923076923077
398,Norway,1987,29.0499995304988
399,Pakistan,1987,33.1346153846154
400,Panama,1987,33.30128205128203
401,Paraguay,1987,37.6826923076923
402,Peru,1987,38.84615384615387
403,Poland,1987,38.13221153846154
404,Portugal,1987,37.6730769230769
405,Slovak Republic,1987,34.378550512550845
406,Spain,1987,33.7461547851562
407,Sri Lanka,1987,44.0
408,Sweden,1987,29.734614445613
409,Switzerland,1987,33.1730769230769
410,Thailand,1987,42.8461538461538
411,Turkey,1987,36.8846153846154
412,United Kingdom,1987,33.7999995304988
413,United States,1987,35.1923076923077
414,Uruguay,1987,33.673076923076934
415,Venezuela,1987,32.846153846153854
416,Argentina,1988,37.5
417,Australia,1988,34.8192302997296
418,Austria,1988,31.69673093536197
419,Bangladesh,1988,44.25
420,Belgium,1988,33.6538461538462
421,Brazil,1988,33.6153846153846
422,Canada,1988,34.4711538461538
423,Chile,1988,37.12820512820517
424,Colombia,1988,37.48076923076923
425,Costa Rica,1988,35.87820512820514
426,Czech Rep.,1988,39.07682088216147
427,Denmark,1988,30.1788470928486
428,Ecuador,1988,36.134615384615365
429,El Salvador,1988,36.083333333333336
430,Fiji,1988,37.5384615384615
431,Finland,1988,34.7365394005409
432,France,1988,33.0384615384615
433,Germany,1988,28.647511201746312
434,Greece,1988,39.3846153846154
435,Honduras,1988,35.108974358974365
436,"Hong Kong, China",1988,43.9807692307692
437,Hungary,1988,39.25
438,Iceland,1988,35.6730769230769
439,Ireland,1988,38.3076923076923
440,Italy,1988,36.4073087252103
441,Japan,1988,40.2307692307692
442,"Korea, Rep.",1988,54.7307692307692
443,Luxembourg,1988,34.2115384615385
444,Malaysia,1988,43.1538461538462
445,Mexico,1988,35.94473560039813
446,Nepal,1988,37.5961538461538
447,Netherlands,1988,29.0192307692308
448,New Zealand,1988,35.203845684345
449,Nicaragua,1988,36.26923076923077
450,Norway,1988,29.1019240159255
451,Pakistan,1988,33.1346153846154
452,Panama,1988,33.30128205128203
453,Paraguay,1988,37.6826923076923
454,Peru,1988,38.84615384615387
455,Poland,1988,38.13221153846154
456,Portugal,1988,37.6346153846154
457,Slovak Republic,1988,34.378550512550845
458,Spain,1988,33.6788470928486
459,Sri Lanka,1988,44.0
460,Sweden,1988,30.1115394005409
461,Switzerland,1988,33.1626915564904
462,Thailand,1988,42.8461538461538
463,Turkey,1988,36.8846153846154
464,United Kingdom,1988,34.5730778620793
465,United States,1988,35.25
466,Uruguay,1988,33.673076923076934
467,Venezuela,1988,32.846153846153854
468,Argentina,1989,37.5
469,Australia,1989,34.7096158541166
470,Austria,1989,31.69673093536197
471,Bangladesh,1989,44.25
472,Belgium,1989,33.4807692307692
473,Brazil,1989,33.6153846153846
474,Canada,1989,34.3557692307692
475,Chile,1989,37.12820512820517
476,Colombia,1989,37.48076923076923
477,Costa Rica,1989,35.87820512820514
478,Czech Rep.,1989,39.07682088216147
479,Denmark,1989,29.8461538461538
480,Ecuador,1989,36.134615384615365
481,El Salvador,1989,36.083333333333336
482,Fiji,1989,37.5384615384615
483,Finland,1989,34.6615389310397
484,France,1989,32.6730769230769
485,Germany,1989,28.647511201746312
486,Greece,1989,39.9038461538462
487,Honduras,1989,35.108974358974365
488,"Hong Kong, China",1989,43.9807692307692
489,Hungary,1989,38.7692307692308
490,Iceland,1989,35.5769230769231
491,Ireland,1989,38.4423076923077
492,Italy,1989,36.1017315204327
493,Japan,1989,39.8076923076923
494,"Korea, Rep.",1989,52.7307692307692
495,Luxembourg,1989,33.9807692307692
496,Malaysia,1989,43.1538461538462
497,Mexico,1989,35.94473560039813
498,Nepal,1989,37.5961538461538
499,Netherlands,1989,28.7884615384615
500,New Zealand,1989,35.0134605994591
501,Nicaragua,1989,36.26923076923077
502,Norway,1989,29.0480769230769
503,Pakistan,1989,33.1346153846154
504,Panama,1989,33.30128205128203
505,Paraguay,1989,37.6826923076923
506,Peru,1989,38.84615384615387
507,Poland,1989,38.13221153846154
508,Portugal,1989,38.0
509,Slovak Republic,1989,34.378550512550845
510,Spain,1989,33.4500004695012
511,Sri Lanka,1989,44.0
512,Sweden,1989,30.0884610689603
513,Switzerland,1989,32.8730773925781
514,Thailand,1989,42.8461538461538
515,Turkey,1989,36.8846153846154
516,United Kingdom,1989,34.3423086313101
517,United States,1989,35.4807692307692
518,Uruguay,1989,33.673076923076934
519,Venezuela,1989,32.846153846153854
520,Argentina,1990,38.7115384615385
521,Australia,1990,34.5250009390024
522,Austria,1990,31.69673093536197
523,Bangladesh,1990,44.25
524,Belgium,1990,33.7307692307692
525,Brazil,1990,34.5384615384615
526,Canada,1990,34.1615389310397
527,Chile,1990,38.1538461538462
528,Colombia,1990,37.48076923076923
529,Costa Rica,1990,35.7884615384615
530,Czech Rep.,1990,39.07682088216147
531,Denmark,1990,29.5903836763822
532,Ecuador,1990,34.0576923076923
533,El Salvador,1990,37.2884615384615
534,Fiji,1990,37.5384615384615
535,Finland,1990,34.0250009390024
536,France,1990,32.7307692307692
537,Germany,1990,28.647511201746312
538,Greece,1990,39.9038461538462
539,Honduras,1990,35.7115384615385
540,"Hong Kong, China",1990,43.9807692307692
541,Hungary,1990,37.9807692307692
542,Iceland,1990,35.3653846153846
543,Ireland,1990,38.2307692307692
544,Italy,1990,35.8955758901743
545,Japan,1990,39.0576923076923
546,"Korea, Rep.",1990,51.6923076923077
547,Luxembourg,1990,33.9615384615385
548,Malaysia,1990,43.1538461538462
549,Mexico,1990,33.9807692307692
550,Nepal,1990,37.5961538461538
551,Netherlands,1990,28.9230769230769
552,New Zealand,1990,34.8076923076923
553,Nicaragua,1990,36.26923076923077
554,Norway,1990,28.8961533766526
555,Pakistan,1990,33.1346153846154
556,Panama,1990,32.8846153846154
557,Paraguay,1990,39.0192307692308
558,Peru,1990,38.84615384615387
559,Poland,1990,38.13221153846154
560,Portugal,1990,37.7307692307692
561,Slovak Republic,1990,34.378550512550845
562,Spain,1990,33.4807692307692
563,Sri Lanka,1990,44.0
564,Sweden,1990,30.0173081618089
565,Switzerland,1990,32.6913452148438
566,Thailand,1990,42.8461538461538
567,Turkey,1990,36.8846153846154
568,United Kingdom,1990,34.0519221379207
569,United States,1990,35.1346153846154
570,Uruguay,1990,34.3846153846154
571,Venezuela,1990,32.846153846153854
572,Argentina,1991,37.5
573,Australia,1991,34.1365379920373
574,Austria,1991,31.69673093536197
575,Bangladesh,1991,44.25
576,Belgium,1991,32.9807692307692
577,Brazil,1991,33.6153846153846
578,Canada,1991,33.7634605994591
579,Chile,1991,37.12820512820517
580,Colombia,1991,38.0
581,Costa Rica,1991,35.87820512820514
582,Czech Rep.,1991,39.07682088216147
583,Denmark,1991,29.4942298302284
584,Ecuador,1991,36.134615384615365
585,El Salvador,1991,36.083333333333336
586,Fiji,1991,37.5384615384615
587,Finland,1991,33.5903836763822
588,France,1991,32.5769230769231
589,Germany,1991,29.7711533766526
590,Greece,1991,39.9230769230769
591,Honduras,1991,35.108974358974365
592,"Hong Kong, China",1991,43.9807692307692
593,Hungary,1991,37.3653846153846
594,Iceland,1991,35.4423076923077
595,Ireland,1991,37.5769230769231
596,Italy,1991,35.76173048753
597,Japan,1991,38.4230769230769
598,"Korea, Rep.",1991,51.3846153846154
599,Luxembourg,1991,33.5961538461538
600,Malaysia,1991,43.1538461538462
601,Mexico,1991,35.0365389310397
602,Nepal,1991,37.5961538461538
603,Netherlands,1991,28.2884615384615
604,New Zealand,1991,34.4769240159255
605,Nicaragua,1991,36.26923076923077
606,Norway,1991,28.8519240159255
607,Pakistan,1991,33.1346153846154
608,Panama,1991,33.30128205128203
609,Paraguay,1991,37.6826923076923
610,Peru,1991,37.7692307692308
611,Poland,1991,38.13221153846154
612,Portugal,1991,36.3076923076923
613,Slovak Republic,1991,34.378550512550845
614,Spain,1991,33.6480759840745
615,Sri Lanka,1991,44.0
616,Sweden,1991,29.7634605994591
617,Switzerland,1991,32.6469233586238
618,Thailand,1991,42.8461538461538
619,Turkey,1991,36.8846153846154
620,United Kingdom,1991,33.9901921198918
621,United States,1991,34.9038461538462
622,Uruguay,1991,33.673076923076934
623,Venezuela,1991,32.846153846153854
624,Argentina,1992,37.5
625,Australia,1992,34.3365384615385
626,Austria,1992,31.69673093536197
627,Bangladesh,1992,44.25
628,Belgium,1992,32.5576923076923
629,Brazil,1992,33.6153846153846
630,Canada,1992,33.7461547851562
631,Chile,1992,37.12820512820517
632,Colombia,1992,37.48076923076923
633,Costa Rica,1992,35.87820512820514
634,Czech Rep.,1992,39.07682088216147
635,Denmark,1992,29.890385554387
636,Ecuador,1992,36.134615384615365
637,El Salvador,1992,36.083333333333336
638,Fiji,1992,37.5384615384615
639,Finland,1992,33.7096158541166
640,France,1992,32.5961538461538
641,Germany,1992,30.1192298302284
642,Greece,1992,40.4807692307692
643,Honduras,1992,35.108974358974365
644,"Hong Kong, China",1992,43.9807692307692
645,Hungary,1992,36.5192307692308
646,Iceland,1992,35.75
647,Ireland,1992,36.6923076923077
648,Italy,1992,35.8223078801082
649,Japan,1992,37.7884615384615
650,"Korea, Rep.",1992,50.9615384615385
651,Luxembourg,1992,33.1538461538462
652,Malaysia,1992,43.1538461538462
653,Mexico,1992,35.94473560039813
654,Nepal,1992,37.5961538461538
655,Netherlands,1992,27.8269230769231
656,New Zealand,1992,34.6211547851562
657,Nicaragua,1992,36.26923076923077
658,Norway,1992,29.0403841458834
659,Pakistan,1992,33.1346153846154
660,Panama,1992,33.30128205128203
661,Paraguay,1992,37.6826923076923
662,Peru,1992,38.84615384615387
663,Poland,1992,38.13221153846154
664,Portugal,1992,35.6346153846154
665,Slovak Republic,1992,34.378550512550845
666,Spain,1992,33.4923072228065
667,Sri Lanka,1992,44.0
668,Sweden,1992,30.1019240159255
669,Switzerland,1992,32.8359609750601
670,Thailand,1992,42.8461538461538
671,Turkey,1992,36.8846153846154
672,United Kingdom,1992,33.3153850848858
673,United States,1992,34.9230769230769
674,Uruguay,1992,33.673076923076934
675,Venezuela,1992,32.846153846153854
676,Argentina,1993,37.5
677,Australia,1993,34.6038466233474
678,Austria,1993,31.69673093536197
679,Bangladesh,1993,44.25
680,Belgium,1993,31.6538461538462
681,Brazil,1993,33.6153846153846
682,Canada,1993,33.7403846153846
683,Chile,1993,37.12820512820517
684,Colombia,1993,37.48076923076923
685,Costa Rica,1993,35.87820512820514
686,Czech Rep.,1993,39.6865375225361
687,Denmark,1993,29.9076913686899
688,Ecuador,1993,36.134615384615365
689,El Salvador,1993,36.083333333333336
690,Fiji,1993,37.5384615384615
691,Finland,1993,33.7557701697716
692,France,1993,32.3461538461538
693,Germany,1993,29.8057697002704
694,Greece,1993,40.8653846153846
695,Honduras,1993,35.108974358974365
696,"Hong Kong, China",1993,43.9807692307692
697,Hungary,1993,36.5192307692308
698,Iceland,1993,35.1538461538462
699,Ireland,1993,36.2115384615385
700,Italy,1993,35.8196152907151
701,Japan,1993,36.6346153846154
702,"Korea, Rep.",1993,51.2884615384615
703,Luxembourg,1993,33.3076923076923
704,Malaysia,1993,43.1538461538462
705,Mexico,1993,35.0250009390024
706,Nepal,1993,37.5961538461538
707,Netherlands,1993,27.2884615384615
708,New Zealand,1993,35.655768761268
709,Nicaragua,1993,34.3846153846154
710,Norway,1993,28.9788466233474
711,Pakistan,1993,33.1346153846154
712,Panama,1993,33.30128205128203
713,Paraguay,1993,37.6826923076923
714,Peru,1993,38.84615384615387
715,Poland,1993,38.13221153846154
716,Portugal,1993,35.5769230769231
717,Slovak Republic,1993,34.378550512550845
718,Spain,1993,33.3403836763822
719,Sri Lanka,1993,44.0
720,Sweden,1993,30.7100008451022
721,Switzerland,1993,32.7711533766526
722,Thailand,1993,42.8461538461538
723,Turkey,1993,36.8846153846154
724,United Kingdom,1993,33.1942302997296
725,United States,1993,35.0961538461538
726,Uruguay,1993,33.673076923076934
727,Venezuela,1993,32.846153846153854
728,Argentina,1994,37.5
729,Australia,1994,34.7442298302284
730,Austria,1994,31.69673093536197
731,Bangladesh,1994,44.25
732,Belgium,1994,31.6538461538462
733,Brazil,1994,33.6153846153846
734,Canada,1994,33.8826927771935
735,Chile,1994,37.12820512820517
736,Colombia,1994,37.48076923076923
737,Costa Rica,1994,35.87820512820514
738,Czech Rep.,1994,39.2923067533053
739,Denmark,1994,29.7673081618089
740,Ecuador,1994,36.134615384615365
741,El Salvador,1994,36.083333333333336
742,Fiji,1994,37.5384615384615
743,Finland,1994,34.1307701697716
744,France,1994,32.2115384615385
745,Germany,1994,29.7538452148438
746,Greece,1994,40.2307692307692
747,Honduras,1994,35.108974358974365
748,"Hong Kong, China",1994,43.9807692307692
749,Hungary,1994,39.0769230769231
750,Iceland,1994,34.8653846153846
751,Ireland,1994,36.2115384615385
752,Italy,1994,35.7030780498798
753,Japan,1994,36.5
754,"Korea, Rep.",1994,50.9807692307692
755,Luxembourg,1994,32.8653846153846
756,Malaysia,1994,43.1538461538462
757,Mexico,1994,35.94473560039813
758,Nepal,1994,37.5961538461538
759,Netherlands,1994,27.1346153846154
760,New Zealand,1994,35.5480769230769
761,Nicaragua,1994,36.26923076923077
762,Norway,1994,28.9403850848858
763,Pakistan,1994,33.1346153846154
764,Panama,1994,33.30128205128203
765,Paraguay,1994,37.6826923076923
766,Peru,1994,38.84615384615387
767,Poland,1994,38.13221153846154
768,Portugal,1994,35.3461538461538
769,Slovak Republic,1994,35.6461533766526
770,Spain,1994,33.3307682917668
771,Sri Lanka,1994,44.0
772,Sweden,1994,30.9224994365986
773,Switzerland,1994,33.172114445613
774,Thailand,1994,42.8461538461538
775,Turkey,1994,36.8846153846154
776,United Kingdom,1994,33.4634610689603
777,United States,1994,35.25
778,Uruguay,1994,33.673076923076934
779,Venezuela,1994,32.846153846153854
780,Argentina,1995,37.5
781,Australia,1995,34.6634615384615
782,Austria,1995,31.6615389310397
783,Bangladesh,1995,44.25
784,Belgium,1995,32.1923076923077
785,Brazil,1995,33.6153846153846
786,Canada,1995,33.859614445613
787,Chile,1995,37.12820512820517
788,Colombia,1995,37.6923076923077
789,Costa Rica,1995,35.87820512820514
790,Czech Rep.,1995,39.6980778620793
791,Denmark,1995,29.625
792,Ecuador,1995,37.3653846153846
793,El Salvador,1995,36.083333333333336
794,Fiji,1995,37.5384615384615
795,Finland,1995,34.1538461538462
796,France,1995,31.75
797,Germany,1995,29.4923072228065
798,Greece,1995,40.0384615384615
799,Honduras,1995,35.108974358974365
800,"Hong Kong, China",1995,43.9807692307692
801,Hungary,1995,39.203845684345
802,Iceland,1995,35.2307692307692
803,Ireland,1995,36.0576923076923
804,Italy,1995,35.747307410607
805,Japan,1995,36.2307692307692
806,"Korea, Rep.",1995,51.1153846153846
807,Luxembourg,1995,33.0576923076923
808,Malaysia,1995,43.1538461538462
809,Mexico,1995,35.719231238732
810,Nepal,1995,37.5961538461538
811,Netherlands,1995,26.75
812,New Zealand,1995,35.4153841458834
813,Nicaragua,1995,36.26923076923077
814,Norway,1995,28.6115394005409
815,Pakistan,1995,33.1346153846154
816,Panama,1995,33.30128205128203
817,Paraguay,1995,37.6826923076923
818,Peru,1995,38.84615384615387
819,Poland,1995,38.13221153846154
820,Portugal,1995,36.4807692307692
821,Slovak Republic,1995,36.1423081618089
822,Spain,1995,33.3250004695012
823,Sri Lanka,1995,44.0
824,Sweden,1995,30.9453852726863
825,Switzerland,1995,32.7384620079627
826,Thailand,1995,42.8461538461538
827,Turkey,1995,36.8846153846154
828,United Kingdom,1995,33.5115379920373
829,United States,1995,35.3846153846154
830,Uruguay,1995,33.673076923076934
831,Venezuela,1995,32.846153846153854
832,Argentina,1996,37.5
833,Australia,1996,34.5961538461538
834,Austria,1996,31.9980773925781
835,Bangladesh,1996,44.25
836,Belgium,1996,31.6538461538462
837,Brazil,1996,33.6153846153846
838,Canada,1996,34.1173072228065
839,Chile,1996,37.12820512820517
840,Colombia,1996,37.48076923076923
841,Costa Rica,1996,35.87820512820514
842,Czech Rep.,1996,39.7269240159255
843,Denmark,1996,29.4365375225361
844,Ecuador,1996,36.134615384615365
845,El Salvador,1996,36.083333333333336
846,Fiji,1996,37.5384615384615
847,Finland,1996,34.1269226074219
848,France,1996,31.8269230769231
849,Germany,1996,29.1884624774639
850,Greece,1996,39.5769230769231
851,Honduras,1996,35.108974358974365
852,"Hong Kong, China",1996,43.9807692307692
853,Hungary,1996,39.1246150090144
854,Iceland,1996,35.7692307692308
855,Ireland,1996,36.1923076923077
856,Italy,1996,36.0201932466947
857,Japan,1996,36.3846153846154
858,"Korea, Rep.",1996,50.9230769230769
859,Luxembourg,1996,32.5192307692308
860,Malaysia,1996,43.1538461538462
861,Mexico,1996,36.5750004695012
862,Nepal,1996,37.5961538461538
863,Netherlands,1996,27.3269230769231
864,New Zealand,1996,35.2538452148438
865,Nicaragua,1996,36.26923076923077
866,Norway,1996,28.5115379920373
867,Pakistan,1996,33.1346153846154
868,Panama,1996,33.30128205128203
869,Paraguay,1996,37.6826923076923
870,Peru,1996,38.84615384615387
871,Poland,1996,38.13221153846154
872,Portugal,1996,35.5384615384615
873,Slovak Republic,1996,35.375
874,Spain,1996,33.2403846153846
875,Sri Lanka,1996,44.0
876,Sweden,1996,31.0286536583534
877,Switzerland,1996,32.2000004695012
878,Thailand,1996,42.8461538461538
879,Turkey,1996,36.8846153846154
880,United Kingdom,1996,33.4923072228065
881,United States,1996,35.2307692307692
882,Uruguay,1996,33.673076923076934
883,Venezuela,1996,32.846153846153854
884,Argentina,1997,38.7884615384615
885,Australia,1997,34.5230759840745
886,Austria,1997,32.0730778620793
887,Bangladesh,1997,44.25
888,Belgium,1997,31.9230769230769
889,Brazil,1997,33.8269230769231
890,Canada,1997,33.9865394005409
891,Chile,1997,36.6538461538462
892,Colombia,1997,37.48076923076923
893,Costa Rica,1997,35.8846153846154
894,Czech Rep.,1997,39.7461547851562
895,Denmark,1997,29.6923076923077
896,Ecuador,1997,36.134615384615365
897,El Salvador,1997,35.4038461538462
898,Fiji,1997,37.5384615384615
899,Finland,1997,34.0480769230769
900,France,1997,31.7115384615385
901,Germany,1997,29.0134605994591
902,Greece,1997,38.9615384615385
903,Honduras,1997,34.6923076923077
904,"Hong Kong, China",1997,43.9807692307692
905,Hungary,1997,39.6057692307692
906,Iceland,1997,35.3653846153846
907,Ireland,1997,35.2307692307692
908,Italy,1997,35.8300006573017
909,Japan,1997,35.8653846153846
910,"Korea, Rep.",1997,49.8461538461538
911,Luxembourg,1997,32.2692307692308
912,Malaysia,1997,43.1538461538462
913,Mexico,1997,37.0499995304988
914,Nepal,1997,37.5961538461538
915,Netherlands,1997,27.1923076923077
916,New Zealand,1997,35.0096153846154
917,Nicaragua,1997,37.0576923076923
918,Norway,1997,28.4134615384615
919,Pakistan,1997,33.1346153846154
920,Panama,1997,33.6730769230769
921,Paraguay,1997,36.3461538461538
922,Peru,1997,38.5576923076923
923,Poland,1997,38.13221153846154
924,Portugal,1997,34.8461538461538
925,Slovak Republic,1997,35.265385554387
926,Spain,1997,33.2384620079627
927,Sri Lanka,1997,44.0
928,Sweden,1997,32.2136535644531
929,Switzerland,1997,31.953845684345
930,Thailand,1997,42.8461538461538
931,Turkey,1997,36.8846153846154
932,United Kingdom,1997,33.4709613506611
933,United States,1997,35.4230769230769
934,Uruguay,1997,33.5192307692308
935,Venezuela,1997,33.5192307692308
936,Argentina,1998,37.5
937,Australia,1998,34.3942307692308
938,Austria,1998,31.9903846153846
939,Bangladesh,1998,44.25
940,Belgium,1998,32.1538461538462
941,Brazil,1998,33.6153846153846
942,Canada,1998,33.9749990609976
943,Chile,1998,37.12820512820517
944,Colombia,1998,37.48076923076923
945,Costa Rica,1998,35.87820512820514
946,Czech Rep.,1998,39.8961557241587
947,Denmark,1998,29.984614445613
948,Ecuador,1998,36.9807692307692
949,El Salvador,1998,35.5576923076923
950,Fiji,1998,37.5384615384615
951,Finland,1998,33.8615394005409
952,France,1998,31.4807692307692
953,Germany,1998,28.9096163236178
954,Greece,1998,38.9038461538462
955,Honduras,1998,35.108974358974365
956,"Hong Kong, China",1998,43.9807692307692
957,Hungary,1998,39.4673086313101
958,Iceland,1998,34.9423076923077
959,Ireland,1998,33.7115384615385
960,Italy,1998,36.147693340595
961,Japan,1998,35.4230769230769
962,"Korea, Rep.",1998,48.0
963,Luxembourg,1998,32.1538461538462
964,Malaysia,1998,43.1538461538462
965,Mexico,1998,36.1153846153846
966,Nepal,1998,37.5961538461538
967,Netherlands,1998,26.9230769230769
968,New Zealand,1998,35.0846158541166
969,Nicaragua,1998,36.26923076923077
970,Norway,1998,28.3769226074219
971,Pakistan,1998,33.1346153846154
972,Panama,1998,33.30128205128203
973,Paraguay,1998,37.6826923076923
974,Peru,1998,40.2115384615385
975,Poland,1998,38.13221153846154
976,Portugal,1998,34.5961538461538
977,Slovak Republic,1998,34.5730778620793
978,Spain,1998,33.2999995304988
979,Sri Lanka,1998,44.0
980,Sweden,1998,31.6540386493389
981,Switzerland,1998,32.0923086313101
982,Thailand,1998,42.8461538461538
983,Turkey,1998,36.8846153846154
984,United Kingdom,1998,33.3538466233474
985,United States,1998,35.4423076923077
986,Uruguay,1998,33.673076923076934
987,Venezuela,1998,32.846153846153854
988,Argentina,1999,35.0
989,Australia,1999,34.3634620079627
990,Austria,1999,31.4923072228065
991,Bangladesh,1999,44.25
992,Belgium,1999,30.4038461538462
993,Brazil,1999,32.4807692307692
994,Canada,1999,34.0211533766526
995,Chile,1999,36.5769230769231
996,Colombia,1999,36.75
997,Costa Rica,1999,35.9615384615385
998,Czech Rep.,1999,40.1461557241587
999,Denmark,1999,30.1730769230769
1000,Ecuador,1999,36.134615384615365
1001,El Salvador,1999,36.083333333333336
1002,Fiji,1999,37.5384615384615
1003,Finland,1999,33.9365375225361
1004,France,1999,31.3461538461538
1005,Germany,1999,28.6865375225361
1006,Greece,1999,39.75
1007,Honduras,1999,34.9230769230769
1008,"Hong Kong, China",1999,43.9807692307692
1009,Hungary,1999,39.7519249549279
1010,Iceland,1999,36.0192307692308
1011,Ireland,1999,33.1730769230769
1012,Italy,1999,36.068845308744
1013,Japan,1999,34.8153850848858
1014,"Korea, Rep.",1999,48.1153846153846
1015,Luxembourg,1999,32.0961538461538
1016,Malaysia,1999,43.1538461538462
1017,Mexico,1999,36.9596158541166
1018,Nepal,1999,37.5961538461538
1019,Netherlands,1999,26.5576923076923
1020,New Zealand,1999,35.3423086313101
1021,Nicaragua,1999,37.3653846153846
1022,Norway,1999,28.3346158541166
1023,Pakistan,1999,33.1346153846154
1024,Panama,1999,33.3461538461538
1025,Paraguay,1999,37.6826923076923
1026,Peru,1999,38.84615384615387
1027,Poland,1999,38.13221153846154
1028,Portugal,1999,34.8461538461538
1029,Slovak Republic,1999,34.7769235464243
1030,Spain,1999,33.3096149151142
1031,Sri Lanka,1999,44.0
1032,Sweden,1999,31.0182682917668
1033,Switzerland,1999,32.5065378042368
1034,Thailand,1999,42.8461538461538
1035,Turkey,1999,36.8846153846154
1036,United Kingdom,1999,33.1307701697716
1037,United States,1999,35.4615384615385
1038,Uruguay,1999,33.1153846153846
1039,Venezuela,1999,32.1730769230769
1040,Argentina,2000,37.5
1041,Australia,2000,34.3326932466947
1042,Austria,2000,31.3788452148438
1043,Bangladesh,2000,44.25
1044,Belgium,2000,29.8846153846154
1045,Brazil,2000,33.6153846153846
1046,Canada,2000,33.9961547851562
1047,Chile,2000,37.12820512820517
1048,Colombia,2000,37.48076923076923
1049,Costa Rica,2000,35.87820512820514
1050,Czech Rep.,2000,40.2365394005409
1051,Denmark,2000,30.4115389310397
1052,Ecuador,2000,36.134615384615365
1053,El Salvador,2000,36.083333333333336
1054,Fiji,2000,37.5384615384615
1055,Finland,2000,33.6480759840745
1056,France,2000,30.5961538461538
1057,Germany,2000,28.3269230769231
1058,Greece,2000,40.0
1059,Honduras,2000,35.108974358974365
1060,"Hong Kong, China",2000,43.9807692307692
1061,Hungary,2000,39.6384605994591
1062,Iceland,2000,36.25
1063,Ireland,2000,33.0576923076923
1064,Italy,2000,35.7949993426983
1065,Japan,2000,35.0250009390024
1066,"Korea, Rep.",2000,48.4615384615385
1067,Luxembourg,2000,31.9615384615385
1068,Malaysia,2000,43.1538461538462
1069,Mexico,2000,36.3096149151142
1070,Nepal,2000,37.5961538461538
1071,Netherlands,2000,26.3846153846154
1072,New Zealand,2000,35.1942302997296
1073,Nicaragua,2000,36.26923076923077
1074,Norway,2000,27.984614445613
1075,Pakistan,2000,33.1346153846154
1076,Panama,2000,33.30128205128203
1077,Paraguay,2000,37.6826923076923
1078,Peru,2000,38.84615384615387
1079,Poland,2000,38.2307692307692
1080,Portugal,2000,33.9423076923077
1081,Slovak Republic,2000,34.828845684345
1082,Spain,2000,33.280768761268
1083,Sri Lanka,2000,44.0
1084,Sweden,2000,30.2773085374099
1085,Switzerland,2000,32.3961533766526
1086,Thailand,2000,42.8461538461538
1087,Turkey,2000,36.8846153846154
1088,United Kingdom,2000,32.9115389310397
1089,United States,2000,35.2307692307692
1090,Uruguay,2000,33.673076923076934
1091,Venezuela,2000,32.846153846153854
1092,Argentina,2001,37.5
1093,Australia,2001,33.7423072228065
1094,Austria,2001,31.3519240159255
1095,Bangladesh,2001,44.25
1096,Belgium,2001,30.3269230769231
1097,Brazil,2001,33.6153846153846
1098,Canada,2001,33.8846153846154
1099,Chile,2001,37.12820512820517
1100,Colombia,2001,37.48076923076923
1101,Costa Rica,2001,35.87820512820514
1102,Czech Rep.,2001,38.4530780498798
1103,Denmark,2001,30.5134605994591
1104,Ecuador,2001,36.134615384615365
1105,El Salvador,2001,36.083333333333336
1106,Fiji,2001,37.5384615384615
1107,Finland,2001,33.344231238732
1108,France,2001,30.3461538461538
1109,Germany,2001,28.046154315655
1110,Greece,2001,40.1153846153846
1111,Honduras,2001,35.108974358974365
1112,"Hong Kong, China",2001,43.9807692307692
1113,Hungary,2001,38.8250004695012
1114,Iceland,2001,35.5192307692308
1115,Ireland,2001,32.8653846153846
1116,Italy,2001,35.4436528132512
1117,Japan,2001,34.7884615384615
1118,"Korea, Rep.",2001,48.1923076923077
1119,Luxembourg,2001,31.6538461538462
1120,Malaysia,2001,43.1538461538462
1121,Mexico,2001,35.8519240159255
1122,Nepal,2001,37.5961538461538
1123,Netherlands,2001,26.3846153846154
1124,New Zealand,2001,34.9480778620793
1125,Nicaragua,2001,36.26923076923077
1126,Norway,2001,27.4826918381911
1127,Pakistan,2001,33.1346153846154
1128,Panama,2001,33.30128205128203
1129,Paraguay,2001,37.6826923076923
1130,Peru,2001,38.84615384615387
1131,Poland,2001,37.9615384615385
1132,Portugal,2001,34.0192307692308
1133,Slovak Republic,2001,34.5961538461538
1134,Spain,2001,33.203845684345
1135,Sri Lanka,2001,44.0
1136,Sweden,2001,29.3571143517127
1137,Switzerland,2001,31.6576913686899
1138,Thailand,2001,42.8461538461538
1139,Turkey,2001,36.8846153846154
1140,United Kingdom,2001,32.9673086313101
1141,United States,2001,34.8269230769231
1142,Uruguay,2001,33.673076923076934
1143,Venezuela,2001,32.846153846153854
1144,Argentina,2002,37.5
1145,Australia,2002,33.4673086313101
1146,Austria,2002,31.3846153846154
1147,Bangladesh,2002,44.25
1148,Belgium,2002,30.3653846153846
1149,Brazil,2002,33.6153846153846
1150,Canada,2002,33.546154315655
1151,Chile,2002,37.12820512820517
1152,Colombia,2002,37.48076923076923
1153,Costa Rica,2002,35.87820512820514
1154,Czech Rep.,2002,38.078845684345
1155,Denmark,2002,30.3615394005409
1156,Ecuador,2002,36.134615384615365
1157,El Salvador,2002,36.083333333333336
1158,Fiji,2002,37.5384615384615
1159,Finland,2002,33.2288466233474
1160,France,2002,29.5384615384615
1161,Germany,2002,27.796154315655
1162,Greece,2002,40.1346153846154
1163,Honduras,2002,35.108974358974365
1164,"Hong Kong, China",2002,43.9807692307692
1165,Hungary,2002,38.9701913686899
1166,Iceland,2002,34.8461538461538
1167,Ireland,2002,32.5961538461538
1168,Italy,2002,35.2109609750601
1169,Japan,2002,34.5769230769231
1170,"Korea, Rep.",2002,47.4038461538462
1171,Luxembourg,2002,31.4230769230769
1172,Malaysia,2002,43.1538461538462
1173,Mexico,2002,36.3096149151142
1174,Nepal,2002,37.5961538461538
1175,Netherlands,2002,25.9230769230769
1176,New Zealand,2002,34.9403850848858
1177,Nicaragua,2002,36.26923076923077
1178,Norway,2002,27.1942302997296
1179,Pakistan,2002,33.1346153846154
1180,Panama,2002,33.30128205128203
1181,Paraguay,2002,37.6826923076923
1182,Peru,2002,38.84615384615387
1183,Poland,2002,38.0576923076923
1184,Portugal,2002,33.9807692307692
1185,Slovak Republic,2002,33.5846158541166
1186,Spain,2002,33.094231238732
1187,Sri Lanka,2002,44.0
1188,Sweden,2002,29.5073077862079
1189,Switzerland,2002,31.3326932466947
1190,Thailand,2002,42.8461538461538
1191,Turkey,2002,36.8846153846154
1192,United Kingdom,2002,32.609614445613
1193,United States,2002,34.75
1194,Uruguay,2002,33.673076923076934
1195,Venezuela,2002,32.846153846153854
1196,Argentina,2003,37.5
1197,Australia,2003,33.4115389310397
1198,Austria,2003,31.5673076923077
1199,Bangladesh,2003,44.25
1200,Belgium,2003,30.2884615384615
1201,Brazil,2003,33.6153846153846
1202,Canada,2003,33.3480764535757
1203,Chile,2003,37.12820512820517
1204,Colombia,2003,37.48076923076923
1205,Costa Rica,2003,35.87820512820514
1206,Czech Rep.,2003,37.9173067533053
1207,Denmark,2003,30.3173076923077
1208,Ecuador,2003,36.134615384615365
1209,El Salvador,2003,36.083333333333336
1210,Fiji,2003,37.5384615384615
1211,Finland,2003,33.0750004695012
1212,France,2003,29.4423076923077
1213,Germany,2003,27.671154315655
1214,Greece,2003,40.1346153846154
1215,Honduras,2003,35.108974358974365
1216,"Hong Kong, China",2003,43.9807692307692
1217,Hungary,2003,38.4115389310397
1218,Iceland,2003,34.75
1219,Ireland,2003,32.1346153846154
1220,Italy,2003,35.1074993426983
1221,Japan,2003,34.5884610689603
1222,"Korea, Rep.",2003,46.8076923076923
1223,Luxembourg,2003,31.3461538461538
1224,Malaysia,2003,43.1538461538462
1225,Mexico,2003,35.7153836763822
1226,Nepal,2003,37.5961538461538
1227,Netherlands,2003,26.2115384615385
1228,New Zealand,2003,34.8576918381911
1229,Nicaragua,2003,36.26923076923077
1230,Norway,2003,26.8961533766526
1231,Pakistan,2003,33.1346153846154
1232,Panama,2003,33.30128205128203
1233,Paraguay,2003,37.6826923076923
1234,Peru,2003,38.84615384615387
1235,Poland,2003,38.1538461538462
1236,Portugal,2003,33.5
1237,Slovak Republic,2003,32.1730769230769
1238,Spain,2003,32.8038470928486
1239,Sri Lanka,2003,44.0
1240,Sweden,2003,29.9817317082332
1241,Switzerland,2003,31.5250009390024
1242,Thailand,2003,42.8461538461538
1243,Turkey,2003,36.8846153846154
1244,United Kingdom,2003,32.2461547851562
1245,United States,2003,34.5576923076923
1246,Uruguay,2003,33.673076923076934
1247,Venezuela,2003,32.846153846153854
1248,Argentina,2004,37.5
1249,Australia,2004,33.5961538461538
1250,Austria,2004,31.7365394005409
1251,Bangladesh,2004,44.25
1252,Belgium,2004,29.7884615384615
1253,Brazil,2004,33.6153846153846
1254,Canada,2004,33.7019230769231
1255,Chile,2004,37.12820512820517
1256,Colombia,2004,37.48076923076923
1257,Costa Rica,2004,35.87820512820514
1258,Czech Rep.,2004,38.1903850848858
1259,Denmark,2004,30.3730773925781
1260,Ecuador,2004,36.134615384615365
1261,El Salvador,2004,36.083333333333336
1262,Fiji,2004,37.5384615384615
1263,Finland,2004,33.1480759840745
1264,France,2004,29.9615384615385
1265,Germany,2004,27.7230764535757
1266,Greece,2004,39.6153846153846
1267,Honduras,2004,35.108974358974365
1268,"Hong Kong, China",2004,43.9807692307692
1269,Hungary,2004,38.394038273738
1270,Iceland,2004,34.8076923076923
1271,Ireland,2004,32.0769230769231
1272,Italy,2004,35.1163470928486
1273,Japan,2004,34.3653846153846
1274,"Korea, Rep.",2004,46.0384615384615
1275,Luxembourg,2004,30.5
1276,Malaysia,2004,43.1538461538462
1277,Mexico,2004,35.5499995304988
1278,Nepal,2004,37.5961538461538
1279,Netherlands,2004,26.1923076923077
1280,New Zealand,2004,35.1269226074219
1281,Nicaragua,2004,36.26923076923077
1282,Norway,2004,27.2557701697716
1283,Pakistan,2004,33.1346153846154
1284,Panama,2004,33.30128205128203
1285,Paraguay,2004,37.6826923076923
1286,Peru,2004,38.84615384615387
1287,Poland,2004,38.1346153846154
1288,Portugal,2004,33.9038461538462
1289,Slovak Republic,2004,32.8365384615385
1290,Spain,2004,32.5057701697716
1291,Sri Lanka,2004,44.0
1292,Sweden,2004,30.2809612567608
1293,Switzerland,2004,32.0999990609976
1294,Thailand,2004,42.8461538461538
1295,Turkey,2004,36.8846153846154
1296,United Kingdom,2004,32.1519235464243
1297,United States,2004,34.5961538461538
1298,Uruguay,2004,33.673076923076934
1299,Venezuela,2004,32.846153846153854
1300,Argentina,2005,37.5
1301,Australia,2005,33.2980769230769
1302,Austria,2005,31.844231238732
1303,Bangladesh,2005,44.25
1304,Belgium,2005,30.0961538461538
1305,Brazil,2005,33.6153846153846
1306,Canada,2005,33.4307697002704
1307,Chile,2005,37.12820512820517
1308,Colombia,2005,37.48076923076923
1309,Costa Rica,2005,35.87820512820514
1310,Czech Rep.,2005,38.5019226074219
1311,Denmark,2005,30.0711529071514
1312,Ecuador,2005,36.134615384615365
1313,El Salvador,2005,36.083333333333336
1314,Fiji,2005,37.5384615384615
1315,Finland,2005,33.0326913686899
1316,France,2005,29.8076923076923
1317,Germany,2005,27.594231238732
1318,Greece,2005,39.4807692307692
1319,Honduras,2005,35.108974358974365
1320,"Hong Kong, China",2005,43.9807692307692
1321,Hungary,2005,38.3461538461538
1322,Iceland,2005,34.5
1323,Ireland,2005,31.8076923076923
1324,Italy,2005,34.9757690429688
1325,Japan,2005,34.1346153846154
1326,"Korea, Rep.",2005,45.265385554387
1327,Luxembourg,2005,30.1923076923077
1328,Malaysia,2005,43.1538461538462
1329,Mexico,2005,36.7134610689603
1330,Nepal,2005,37.5961538461538
1331,Netherlands,2005,26.4423076923077
1332,New Zealand,2005,34.8096149151142
1333,Nicaragua,2005,36.26923076923077
1334,Norway,2005,27.3076923076923
1335,Pakistan,2005,33.1346153846154
1336,Panama,2005,33.30128205128203
1337,Paraguay,2005,37.6826923076923
1338,Peru,2005,38.84615384615387
1339,Poland,2005,38.3461538461538
1340,Portugal,2005,33.6923076923077
1341,Slovak Republic,2005,33.4884620079627
1342,Spain,2005,32.1519235464243
1343,Sri Lanka,2005,44.0
1344,Sweden,2005,30.9025010329026
1345,Switzerland,2005,32.1038466233474
1346,Thailand,2005,42.8461538461538
1347,Turkey,2005,36.8846153846154
1348,United Kingdom,2005,32.2269240159255
1349,United States,2005,34.5192307692308
1350,Uruguay,2005,33.673076923076934
1351,Venezuela,2005,32.846153846153854
1352,Argentina,2006,37.5
1353,Australia,2006,33.140385554387
1354,Austria,2006,31.8173076923077
1355,Bangladesh,2006,44.25
1356,Belgium,2006,30.2115384615385
1357,Brazil,2006,33.6153846153846
1358,Canada,2006,33.4230769230769
1359,Chile,2006,37.12820512820517
1360,Colombia,2006,37.48076923076923
1361,Costa Rica,2006,35.87820512820514
1362,Czech Rep.,2006,38.4000009390024
1363,Denmark,2006,30.265385554387
1364,Ecuador,2006,36.134615384615365
1365,El Salvador,2006,36.083333333333336
1366,Fiji,2006,37.5384615384615
1367,Finland,2006,32.9519230769231
1368,France,2006,30.155768761268
1369,Germany,2006,27.5519221379207
1370,Greece,2006,39.96989966555184
1371,Honduras,2006,35.108974358974365
1372,"Hong Kong, China",2006,43.9807692307692
1373,Hungary,2006,38.2538452148438
1374,Iceland,2006,34.5192307692308
1375,Ireland,2006,31.5384615384615
1376,Italy,2006,34.8865379920373
1377,Japan,2006,34.3076923076923
1378,"Korea, Rep.",2006,44.3269230769231
1379,Luxembourg,2006,30.8461538461538
1380,Malaysia,2006,43.1538461538462
1381,Mexico,2006,36.2153836763822
1382,Nepal,2006,37.5961538461538
1383,Netherlands,2006,26.75
1384,New Zealand,2006,34.3634620079627
1385,Nicaragua,2006,36.26923076923077
1386,Norway,2006,27.0807682917668
1387,Pakistan,2006,33.1346153846154
1388,Panama,2006,33.30128205128203
1389,Paraguay,2006,37.6826923076923
1390,Peru,2006,38.84615384615387
1391,Poland,2006,38.1730769230769
1392,Portugal,2006,33.8076923076923
1393,Slovak Republic,2006,33.6346153846154
1394,Spain,2006,31.8211529071514
1395,Sri Lanka,2006,44.0
1396,Sweden,2006,30.3036545973558
1397,Switzerland,2006,31.8711547851562
1398,Thailand,2006,42.8461538461538
1399,Turkey,2006,36.8846153846154
1400,United Kingdom,2006,32.0903836763822
1401,United States,2006,34.5576923076923
1402,Uruguay,2006,33.673076923076934
1403,Venezuela,2006,32.846153846153854
1404,Argentina,2007,37.5
1405,Australia,2007,33.109614445613
1406,Austria,2007,31.7613454965445
1407,Bangladesh,2007,44.25
1408,Belgium,2007,30.1153846153846
1409,Brazil,2007,33.6153846153846
1410,Canada,2007,33.390385554387
1411,Chile,2007,37.12820512820517
1412,Colombia,2007,37.48076923076923
1413,Costa Rica,2007,35.87820512820514
1414,Czech Rep.,2007,38.1819223257212
1415,Denmark,2007,30.388176551231968
1416,Ecuador,2007,36.134615384615365
1417,El Salvador,2007,36.083333333333336
1418,Fiji,2007,37.5384615384615
1419,Finland,2007,32.6538461538462
1420,France,2007,30.0125004695012
1421,Germany,2007,27.5576923076923
1422,Greece,2007,39.96989966555184
1423,Honduras,2007,35.108974358974365
1424,"Hong Kong, China",2007,43.9807692307692
1425,Hungary,2007,38.2000004695012
1426,Iceland,2007,34.75
1427,Ireland,2007,31.3461538461538
1428,Italy,2007,35.0705777681791
1429,Japan,2007,34.3269230769231
1430,"Korea, Rep.",2007,51.291880376658206
1431,Luxembourg,2007,29.6538461538462
1432,Malaysia,2007,43.1538461538462
1433,Mexico,2007,35.9888469989483
1434,Nepal,2007,37.5961538461538
1435,Netherlands,2007,26.7692307692308
1436,New Zealand,2007,34.0653850848858
1437,Nicaragua,2007,36.26923076923077
1438,Norway,2007,27.1365379920373
1439,Pakistan,2007,33.1346153846154
1440,Panama,2007,33.30128205128203
1441,Paraguay,2007,37.6826923076923
1442,Peru,2007,38.84615384615387
1443,Poland,2007,38.0
1444,Portugal,2007,33.2307692307692
1445,Slovak Republic,2007,34.378550512550845
1446,Spain,2007,31.7730759840745
1447,Sri Lanka,2007,44.0
1448,Sweden,2007,30.0330763596755
1449,Switzerland,2007,32.77194439923322
1450,Thailand,2007,42.8461538461538
1451,Turkey,2007,36.8846153846154
1452,United Kingdom,2007,32.1153846153846
1453,United States,2007,34.5
1454,Uruguay,2007,33.673076923076934
1455,Venezuela,2007,32.846153846153854
